title,image_url,comments,comment_count
"Yoga Top Crop Top Lycra Cotton Top Yoga Clothing Stretchy - Etsy | Hippie outfits, Yoga tops, Crop tops",https://i.pinimg.com/736x/bb/88/74/bb88740876c23a680bd473a0a7c18514.jpg,[],0
Pin on Entertainment,https://i.pinimg.com/736x/f3/6c/31/f36c311d7bc9d9555ba9008b237c1cce.jpg,[],0
"fs S on Behance | Bold outfits, Bollywood actress, Indian bollywood actress",https://i.pinimg.com/736x/d3/20/37/d320371ea5b32e2beef8f48393d1a5f2.jpg,"['ğ™’ğ’ğ™§ğ’ğ™™ ğ™¤ğ’‡ ğ‘¾ğ™–ğ’ğ™¡ğ’‘ğ™–ğ’‘ğ™šğ’“ nice', '', 'nice']",3
"Everyday Wear: High Neck Crop Top in 2023 | High neck crop top, Crop tops, SÃ£o tomÃ© and prÃ­ncipe",https://i.pinimg.com/736x/3d/e5/23/3de5232394376deb59b184a9de40c2ca.jpg,[],0
Pin on Saree Fashion and Tutorials,https://i.pinimg.com/736x/77/1c/4e/771c4e51442419d8fad7f57f760c492b.jpg,[],0
"T-Shirts, Tops, + Tanks | Womens | Fashion, Tops, Clothes design",https://i.pinimg.com/736x/5e/57/34/5e5734f75f4ff2ec0d5e63b832294739.jpg,[],0
"Forever 21 Daisy Print Cropped Cami | Fashion, Trendy blouse designs, Fashion outfits",https://i.pinimg.com/736x/04/f4/22/04f42218211782b3eaa581ed415decea.jpg,[],0
"Priyanka Chopra shows off her sensational figure in crop top and jeans | Priyanka chopra hot, Priyanka chopra, Indian model",https://i.pinimg.com/736x/3e/8a/c2/3e8ac21dd56e06171cc4cd83dc581386.jpg,[],0
Pin on Quick saves,https://i.pinimg.com/736x/f3/38/ae/f338ae9ebade3cdf7e7c90a4224a46a9.jpg,[],0
"Maura Crop Top in Tailoring Black in 2023 | Indian crop tops, Crop tops, Simple crop top",https://i.pinimg.com/736x/36/f3/19/36f319601e43f3c79c1aa1428a671fd1.jpg,[],0
"Frayed Denim Lace-Up Tube Crop Top | Ropa juvenil de moda, Ropa de moda, Ropa",https://i.pinimg.com/736x/d0/48/6c/d0486c912d17a08e431afbf3c92a4e63.jpg,[],0
"Office Wear, Indian formal wear in 2023 | Desi fashion casual, Everyday fashion outfits, Casual indian fashion",https://i.pinimg.com/736x/eb/0e/b6/eb0eb639a23db72189adaebf75eda565.jpg,"['srish bottom from?', '', 'bottom from?']",3
Pin on New movies,https://i.pinimg.com/736x/93/87/17/93871725d9900357e8354f564bbdd8d4.jpg,[],0
Pin on Products,https://i.pinimg.com/736x/26/8a/d7/268ad70e89c6674b9a3a7447f51cc447.jpg,[],0
"Linen Top for Women Beige Linen Top Linen Crop Top Made to - Etsy | Stylish fall outfits, Women, Linen crop top",https://i.pinimg.com/736x/3d/6e/ad/3d6ead250ae76b7ade8a3e1fbb72c68a.jpg,[],0
Pin on âœ¨aesthetic âœ¨,https://i.pinimg.com/736x/1b/0e/3b/1b0e3bdc5a71ff99cc77f600a131917e.jpg,[],0
"Full Crop Top - Charcoal | Crop tops, Body positive photography, How to dye fabric",https://i.pinimg.com/736x/bb/47/f4/bb47f47d0e92d31fa70d27b401be4799.jpg,[],0
"Black Lurex Pant & Crop Top [Video] [Video] in 2023 | Pakistani fancy dresses, Stylish party dresses, Sleeves designs for dresses",https://i.pinimg.com/75x75_RS/fb/8e/cb/fb8ecb0af88d3aefe9dcdf81872e1fc1.jpg,[],0
